[
  {
    "Type": "Punter",
    "details": "{\u0022Id\u0022:1,\u0022FullName\u0022:\u0022John Doe\u0022,\u0022Username\u0022:\u0022jdoe\u0022,\u0022Password\u0022:\u0022password123\u0022}"
  },
  {
    "Type": "Punter",
    "details": "{\u0022Id\u0022:2,\u0022FullName\u0022:\u0022Jane Smith\u0022,\u0022Username\u0022:\u0022jsmith\u0022,\u0022Password\u0022:\u0022password123\u0022}"
  },
  {
    "Type": "Punter",
    "details": "{\u0022Id\u0022:3,\u0022FullName\u0022:\u0022Bill Turner\u0022,\u0022Username\u0022:\u0022bturner\u0022,\u0022Password\u0022:\u0022password123\u0022}"
  },
  {
    "Type": "Punter",
    "details": "{\u0022Id\u0022:4,\u0022FullName\u0022:\u0022Emma Williams\u0022,\u0022Username\u0022:\u0022ewilliams\u0022,\u0022Password\u0022:\u0022password123\u0022}"
  },
  {
    "Type": "Punter",
    "details": "{\u0022Id\u0022:5,\u0022FullName\u0022:\u0022James Brown\u0022,\u0022Username\u0022:\u0022jbrown\u0022,\u0022Password\u0022:\u0022password123\u0022}"
  },
  {
    "Type": "Punter",
    "details": "{\u0022Id\u0022:6,\u0022FullName\u0022:\u0022Olivia Taylor\u0022,\u0022Username\u0022:\u0022otaylor\u0022,\u0022Password\u0022:\u0022password123\u0022}"
  },
  {
    "Type": "Punter",
    "details": "{\u0022Id\u0022:7,\u0022FullName\u0022:\u0022Michael Davis\u0022,\u0022Username\u0022:\u0022mdavis\u0022,\u0022Password\u0022:\u0022password123\u0022}"
  },
  {
    "Type": "Punter",
    "details": "{\u0022Id\u0022:8,\u0022FullName\u0022:\u0022Sophia Johnson\u0022,\u0022Username\u0022:\u0022sjohnson\u0022,\u0022Password\u0022:\u0022password123\u0022}"
  },
  {
    "Type": "Punter",
    "details": "{\u0022Id\u0022:9,\u0022FullName\u0022:\u0022David Wilson\u0022,\u0022Username\u0022:\u0022dwilson\u0022,\u0022Password\u0022:\u0022password123\u0022}"
  },
  {
    "Type": "Punter",
    "details": "{\u0022Id\u0022:10,\u0022FullName\u0022:\u0022Isabella Martinez\u0022,\u0022Username\u0022:\u0022imartinez\u0022,\u0022Password\u0022:\u0022password123\u0022}"
  },
  {
    "Type": "HorseOwner",
    "details": "{\u0022Id\u0022:11,\u0022FullName\u0022:\u0022Liam Scott\u0022,\u0022Username\u0022:\u0022lscott\u0022,\u0022Password\u0022:\u0022password123\u0022}"
  },
  {
    "Type": "HorseOwner",
    "details": "{\u0022Id\u0022:12,\u0022FullName\u0022:\u0022Charlotte King\u0022,\u0022Username\u0022:\u0022cking\u0022,\u0022Password\u0022:\u0022password123\u0022}"
  },
  {
    "Type": "HorseOwner",
    "details": "{\u0022Id\u0022:13,\u0022FullName\u0022:\u0022Mason Lee\u0022,\u0022Username\u0022:\u0022mlee\u0022,\u0022Password\u0022:\u0022password123\u0022}"
  },
  {
    "Type": "HorseOwner",
    "details": "{\u0022Id\u0022:14,\u0022FullName\u0022:\u0022Amelia Harris\u0022,\u0022Username\u0022:\u0022aharris\u0022,\u0022Password\u0022:\u0022password123\u0022}"
  },
  {
    "Type": "HorseOwner",
    "details": "{\u0022Id\u0022:15,\u0022FullName\u0022:\u0022Ethan Clark\u0022,\u0022Username\u0022:\u0022eclark\u0022,\u0022Password\u0022:\u0022password123\u0022}"
  },
  {
    "Type": "RaceManager",
    "details": "{\u0022Id\u0022:16,\u0022FullName\u0022:\u0022Alexander Baker\u0022,\u0022Username\u0022:\u0022abaker\u0022,\u0022Password\u0022:\u0022password123\u0022}"
  }
]