[{"Name":"Grand Derby","Id":1,"Horses":[{"Id":1,"BettingOdds":3.5,"Auenticated":true},{"Id":2,"BettingOdds":5,"Auenticated":false},{"Id":5,"BettingOdds":4.2,"Auenticated":true},{"Id":9,"BettingOdds":7.8,"Auenticated":false},{"Id":17,"BettingOdds":6.3,"Auenticated":true}]},{"Name":"Spring Classic","Id":2,"Horses":[{"Id":3,"BettingOdds":2.8,"Auenticated":false},{"Id":6,"BettingOdds":9.1,"Auenticated":true},{"Id":10,"BettingOdds":4.9,"Auenticated":false},{"Id":11,"BettingOdds":3.1,"Auenticated":true},{"Id":18,"BettingOdds":5.7,"Auenticated":false}]},{"Name":"Summer Stakes","Id":3,"Horses":[{"Id":4,"BettingOdds":3,"Auenticated":true},{"Id":7,"BettingOdds":8.5,"Auenticated":false},{"Id":13,"BettingOdds":6.2,"Auenticated":false},{"Id":15,"BettingOdds":7.4,"Auenticated":true},{"Id":19,"BettingOdds":10,"Auenticated":false}]},{"Name":"Autumn Championship","Id":4,"Horses":[{"Id":8,"BettingOdds":2.5,"Auenticated":false},{"Id":12,"BettingOdds":9.3,"Auenticated":true},{"Id":14,"BettingOdds":5.2,"Auenticated":false},{"Id":16,"BettingOdds":6.8,"Auenticated":true},{"Id":20,"BettingOdds":4.6,"Auenticated":false}]}]