[
  {
    "Id": 1,
    "HorseName": "Thunderbolt",
    "RiderName": "Alice Johnson",
    "DateOfBirth": "2015-04-15T00:00:00",
    "NationOfOrigin": "United States",
    "Owner": "lscott"
  },
  {
    "Id": 2,
    "HorseName": "Shadowfax",
    "RiderName": "Michael Smith",
    "DateOfBirth": "2016-06-23T00:00:00",
    "NationOfOrigin": "New Zealand",
    "Owner": "lscott"
  },
  {
    "Id": 3,
    "HorseName": "Starlight",
    "RiderName": "Emily Davis",
    "DateOfBirth": "2014-11-30T00:00:00",
    "NationOfOrigin": "Canada",
    "Owner": "lscott"
  },
  {
    "Id": 4,
    "HorseName": "Black Beauty",
    "RiderName": "Daniel Brown",
    "DateOfBirth": "2017-01-10T00:00:00",
    "NationOfOrigin": "United Kingdom",
    "Owner": "lscott"
  },
  {
    "Id": 5,
    "HorseName": "Spirit",
    "RiderName": "Sophia Wilson",
    "DateOfBirth": "2013-08-05T00:00:00",
    "NationOfOrigin": "Australia",
    "Owner": "cking"
  },
  {
    "Id": 6,
    "HorseName": "Comet",
    "RiderName": "James Taylor",
    "DateOfBirth": "2018-03-14T00:00:00",
    "NationOfOrigin": "Ireland",
    "Owner": "cking"
  },
  {
    "Id": 7,
    "HorseName": "Blaze",
    "RiderName": "Olivia White",
    "DateOfBirth": "2019-09-22T00:00:00",
    "NationOfOrigin": "Germany",
    "Owner": "cking"
  },
  {
    "Id": 8,
    "HorseName": "Flash",
    "RiderName": "William Harris",
    "DateOfBirth": "2015-12-11T00:00:00",
    "NationOfOrigin": "France",
    "Owner": "cking"
  },
  {
    "Id": 9,
    "HorseName": "Echo",
    "RiderName": "Ava Martin",
    "DateOfBirth": "2020-05-30T00:00:00",
    "NationOfOrigin": "Italy",
    "Owner": "mlee"
  },
  {
    "Id": 10,
    "HorseName": "Lightning",
    "RiderName": "Ethan Clark",
    "DateOfBirth": "2016-07-25T00:00:00",
    "NationOfOrigin": "Argentina",
    "Owner": "mlee"
  },
  {
    "Id": 11,
    "HorseName": "Thunder",
    "RiderName": "Benjamin Wright",
    "DateOfBirth": "2017-02-10T00:00:00",
    "NationOfOrigin": "United States",
    "Owner": "mlee"
  },
  {
    "Id": 12,
    "HorseName": "Storm",
    "RiderName": "Charlotte Hall",
    "DateOfBirth": "2015-08-15T00:00:00",
    "NationOfOrigin": "Australia",
    "Owner": "mlee"
  },
  {
    "Id": 13,
    "HorseName": "Zephyr",
    "RiderName": "Lucas Walker",
    "DateOfBirth": "2018-10-25T00:00:00",
    "NationOfOrigin": "Canada",
    "Owner": "aharris"
  },
  {
    "Id": 14,
    "HorseName": "Whirlwind",
    "RiderName": "Henry Moore",
    "DateOfBirth": "2016-05-03T00:00:00",
    "NationOfOrigin": "United Kingdom",
    "Owner": "aharris"
  },
  {
    "Id": 15,
    "HorseName": "Tornado",
    "RiderName": "Ella Martin",
    "DateOfBirth": "2014-07-19T00:00:00",
    "NationOfOrigin": "Ireland",
    "Owner": "aharris"
  },
  {
    "Id": 16,
    "HorseName": "Vortex",
    "RiderName": "Jack Thompson",
    "DateOfBirth": "2017-03-21T00:00:00",
    "NationOfOrigin": "New Zealand",
    "Owner": "aharris"
  },
  {
    "Id": 17,
    "HorseName": "Hurricane",
    "RiderName": "Liam Garcia",
    "DateOfBirth": "2015-06-18T00:00:00",
    "NationOfOrigin": "Germany",
    "Owner": "eclark"
  },
  {
    "Id": 18,
    "HorseName": "Cyclone",
    "RiderName": "Noah Hernandez",
    "DateOfBirth": "2018-01-11T00:00:00",
    "NationOfOrigin": "France",
    "Owner": "eclark"
  },
  {
    "Id": 19,
    "HorseName": "Typhoon",
    "RiderName": "Mia Lopez",
    "DateOfBirth": "2016-11-23T00:00:00",
    "NationOfOrigin": "Italy",
    "Owner": "eclark"
  },
  {
    "Id": 20,
    "HorseName": "Gale",
    "RiderName": "Lucas Martinez",
    "DateOfBirth": "2019-04-04T00:00:00",
    "NationOfOrigin": "United States",
    "Owner": "eclark"
  }
]
